class,name,nickname,category,subcategory,project,project_dir,source,guid,kind,exposure,obsolete,current_icon,icon_holder,object,op,plural,container,glyph_origin,badge_origin,rule,note,icon_id,resource,icon_file,status
GooApertureSolarTargetParam,{typeof(ApertureSolarTarget).Name},{typeof(ApertureSolarTarget).Name},Params,SAM,SAM.Analytical.Grasshopper.SolarCalculator,Grasshopper/SAM.Analytical.Grasshopper.SolarCalculator,Grasshopper/SAM.Analytical.Grasshopper.SolarCalculator/Classes/GooApertureSolarTarget.cs,8d5e1b02-3a44-4c7e-9e6b-2b1f0d54c001,param,,False,SAM_SolarCalculator,Resources,aperture,,False,,SAM,,param:ApertureSolarTarget,,aperture,SAM_GH_Aperture,svg/aperture.svg,integrated
SAMAnalyticalApertureSolarTargets,SAMAnalytical.ApertureSolarTargets,SAMAnalytical.ApertureSolarTargets,SAM,Solar,SAM.Analytical.Grasshopper.SolarCalculator,Grasshopper/SAM.Analytical.Grasshopper.SolarCalculator,Grasshopper/SAM.Analytical.Grasshopper.SolarCalculator/Component/SAMAnalyticalApertureSolarTargets.cs,7f3c9a10-5b28-4e63-9a41-6c0d2e7b1102,component,GH_Exposure.primary,False,SAM_SolarCalculator,Resources,aperture,filter,True,,SAM,SAM,override,,aperture_plural_filter,SAM_GH_AperturePluralFilter,svg/aperture_plural_filter.svg,integrated
SAMAnalyticalAnalysisPeriod,SAMAnalytical.AnalysisPeriod,SAMAnalytical.AnalysisPeriod,SAM,Solar,SAM.Analytical.Grasshopper.SolarCalculator,Grasshopper/SAM.Analytical.Grasshopper.SolarCalculator,Grasshopper/SAM.Analytical.Grasshopper.SolarCalculator/Component/SAMAnalyticalAnalysisPeriod.cs,7f3c9a10-5b28-4e63-9a41-6c0d2e7b1101,component,GH_Exposure.primary,False,SAM_SolarCalculator,Resources,clock,create,False,,SAM,SAM,override,hours of the year analysed,clock_create,SAM_GH_ClockCreate,svg/clock_create.svg,integrated
SAMAnalyticalSolarControlProfile,SAMAnalytical.SolarControlProfile,SAMAnalytical.SolarControlProfile,SAM,Solar,SAM.Analytical.Grasshopper.SolarCalculator,Grasshopper/SAM.Analytical.Grasshopper.SolarCalculator,Grasshopper/SAM.Analytical.Grasshopper.SolarCalculator/Component/SAMAnalyticalSolarControlProfile.cs,7f3c9a10-5b28-4e63-9a41-6c0d2e7b1108,component,GH_Exposure.tertiary,False,SAM_SolarCalculator,Resources,profile,calculate,False,,SAM,SAM,override,hourly solar-control schedule,profile_calculate,SAM_GH_ProfileCalculate,svg/profile_calculate.svg,integrated
SAMAnalyticalModifySolarFaceSimulationResult,SAMAnalytical.ModifySolarFaceSimulationResult,SAMAnalytical.ModifySolarFaceSimulationResult,SAM,Solar,SAM.Analytical.Grasshopper.SolarCalculator,Grasshopper/SAM.Analytical.Grasshopper.SolarCalculator,Grasshopper/SAM.Analytical.Grasshopper.SolarCalculator/Component/SAMAnalyticalModifySolarFaceSimulationResult.cs,408b1bd3-a9a3-49de-9574-3eccedec2eb1,component,GH_Exposure.primary,False,SAM_SolarCalculator,Resources,result,modify,False,,SAM,SAM,rule,,result_modify,SAM_GH_ResultModify,svg/result_modify.svg,integrated
GooIdealShadingResultParam,{typeof(IdealShadingResult).Name},{typeof(IdealShadingResult).Name},Params,SAM,SAM.Analytical.Grasshopper.SolarCalculator,Grasshopper/SAM.Analytical.Grasshopper.SolarCalculator,Grasshopper/SAM.Analytical.Grasshopper.SolarCalculator/Classes/GooIdealShadingResult.cs,8d5e1b02-3a44-4c7e-9e6b-2b1f0d54c003,param,,False,SAM_SolarCalculator,Resources,shade,,False,,SAM,,param:IdealShadingResult,,shade,SAM_GH_Shade,svg/shade.svg,integrated
SAMAnalyticalCompareShading,SAMAnalytical.CompareShading,SAMAnalytical.CompareShading,SAM,Solar,SAM.Analytical.Grasshopper.SolarCalculator,Grasshopper/SAM.Analytical.Grasshopper.SolarCalculator,Grasshopper/SAM.Analytical.Grasshopper.SolarCalculator/Component/SAMAnalyticalCompareShading.cs,cc379ffd-68df-4544-add8-e787c841a062,component,GH_Exposure.tertiary,False,SAM_SolarCalculator,Resources,shade,analyse,True,,SAM,SAM,override,,shade_plural_analyse,SAM_GH_ShadePluralAnalyse,svg/shade_plural_analyse.svg,integrated
SAMAnalyticalIdealShadingShape,SAMAnalytical.IdealShadingShape,SAMAnalytical.IdealShadingShape,SAM,Solar,SAM.Analytical.Grasshopper.SolarCalculator,Grasshopper/SAM.Analytical.Grasshopper.SolarCalculator,Grasshopper/SAM.Analytical.Grasshopper.SolarCalculator/Component/SAMAnalyticalIdealShadingShape.cs,7f3c9a10-5b28-4e63-9a41-6c0d2e7b1105,component,GH_Exposure.secondary,False,SAM_SolarCalculator,Resources,shade,create,False,,SAM,SAM,override,ideal shading region,shade_create,SAM_GH_ShadeCreate,svg/shade_create.svg,integrated
SAMAnalyticalSelectShadingScheme,SAMAnalytical.SelectShadingScheme,SAMAnalytical.SelectShadingScheme,SAM,Solar,SAM.Analytical.Grasshopper.SolarCalculator,Grasshopper/SAM.Analytical.Grasshopper.SolarCalculator,Grasshopper/SAM.Analytical.Grasshopper.SolarCalculator/Component/SAMAnalyticalSelectShadingScheme.cs,b3a71e42-9c06-4d5f-a3e9-1f8d2c4b6e05,component,GH_Exposure.tertiary,False,SAM_SolarCalculator,Resources,shade,filter,True,,SAM,SAM,override,,shade_plural_filter,SAM_GH_ShadePluralFilter,svg/shade_plural_filter.svg,integrated
SAMAnalyticalShadingOperation,SAMAnalytical.ShadingOperation,SAMAnalytical.ShadingOperation,SAM,Solar,SAM.Analytical.Grasshopper.SolarCalculator,Grasshopper/SAM.Analytical.Grasshopper.SolarCalculator,Grasshopper/SAM.Analytical.Grasshopper.SolarCalculator/Component/SAMAnalyticalShadingOperation.cs,7f3c9a10-5b28-4e63-9a41-6c0d2e7b1109,component,GH_Exposure.tertiary,False,SAM_SolarCalculator,Resources,shade,inspect,False,,SAM,SAM,override,retractable device over a weather year,shade_inspect,SAM_GH_ShadeInspect,svg/shade_inspect.svg,integrated
SAMAnalyticalAssembleShadingSchemes,SAMAnalytical.AssembleShadingSchemes,SAMAnalytical.AssembleShadingSchemes,SAM,Solar,SAM.Analytical.Grasshopper.SolarCalculator,Grasshopper/SAM.Analytical.Grasshopper.SolarCalculator,Grasshopper/SAM.Analytical.Grasshopper.SolarCalculator/Component/SAMAnalyticalAssembleShadingSchemes.cs,c1204451-fe40-475c-bf10-4dbf7fad06da,component,GH_Exposure.tertiary,False,SAM_SolarCalculator,Resources,shade,merge,True,,SAM,SAM,override,,shade_plural_merge,SAM_GH_ShadePluralMerge,svg/shade_plural_merge.svg,integrated
SAMAnalyticalRationaliseAwningGroup,SAMAnalytical.RationaliseAwningGroup,SAMAnalytical.RationaliseAwningGroup,SAM,Solar,SAM.Analytical.Grasshopper.SolarCalculator,Grasshopper/SAM.Analytical.Grasshopper.SolarCalculator,Grasshopper/SAM.Analytical.Grasshopper.SolarCalculator/Component/SAMAnalyticalRationaliseAwningGroup.cs,9a2f5c81-3d47-4b6e-8f1a-2c7e6d4b0a93,component,GH_Exposure.tertiary,False,SAM_SolarCalculator,Resources,shade,modify,True,,SAM,SAM,override,,shade_plural_modify,SAM_GH_ShadePluralModify,svg/shade_plural_modify.svg,integrated
SAMAnalyticalRationaliseShading,SAMAnalytical.RationaliseShading,SAMAnalytical.RationaliseShading,SAM,Solar,SAM.Analytical.Grasshopper.SolarCalculator,Grasshopper/SAM.Analytical.Grasshopper.SolarCalculator,Grasshopper/SAM.Analytical.Grasshopper.SolarCalculator/Component/SAMAnalyticalRationaliseShading.cs,7f3c9a10-5b28-4e63-9a41-6c0d2e7b1106,component,GH_Exposure.tertiary,False,SAM_SolarCalculator,Resources,shade,modify,False,,SAM,SAM,override,,shade_modify,SAM_GH_ShadeModify,svg/shade_modify.svg,integrated
SAMAnalyticalVerifyShading,SAMAnalytical.VerifyShading,SAMAnalytical.VerifyShading,SAM,Solar,SAM.Analytical.Grasshopper.SolarCalculator,Grasshopper/SAM.Analytical.Grasshopper.SolarCalculator,Grasshopper/SAM.Analytical.Grasshopper.SolarCalculator/Component/SAMAnalyticalVerifyShading.cs,7f3c9a10-5b28-4e63-9a41-6c0d2e7b1107,component,GH_Exposure.tertiary,False,SAM_SolarCalculator,Resources,shade,validate,False,,SAM,SAM,override,,shade_validate,SAM_GH_ShadeValidate,svg/shade_validate.svg,integrated
GooShadingPotentialFieldParam,{typeof(ShadingPotentialField).Name},{typeof(ShadingPotentialField).Name},Params,SAM,SAM.Analytical.Grasshopper.SolarCalculator,Grasshopper/SAM.Analytical.Grasshopper.SolarCalculator,Grasshopper/SAM.Analytical.Grasshopper.SolarCalculator/Classes/GooShadingPotentialField.cs,8d5e1b02-3a44-4c7e-9e6b-2b1f0d54c002,param,,False,SAM_SolarCalculator,Resources,solar,,False,,SAM-BIM ext v1,,param:ShadingPotentialField,,solar,SAM_GH_Solar,svg/solar.svg,integrated
SAMAnalyticalCompareSolarCoverage,SAMAnalytical.CompareSolarCoverage,SAMAnalytical.CompareSolarCoverage,SAM,Solar,SAM.Analytical.Grasshopper.SolarCalculator,Grasshopper/SAM.Analytical.Grasshopper.SolarCalculator,Grasshopper/SAM.Analytical.Grasshopper.SolarCalculator/Component/SAMAnalyticalCompareSolarCoverage.cs,0e3a2cf4-1d23-4f5e-9b7a-1c5e8d3f7a91,component,GH_Exposure.tertiary,False,SAM_SolarCalculator,Resources,solar,analyse,False,,SAM-BIM ext v1,SAM,override,,solar_analyse,SAM_GH_SolarAnalyse,svg/solar_analyse.svg,integrated
SAMAnalyticalShadingPotentialField,SAMAnalytical.ShadingPotentialField,SAMAnalytical.ShadingPotentialField,SAM,Solar,SAM.Analytical.Grasshopper.SolarCalculator,Grasshopper/SAM.Analytical.Grasshopper.SolarCalculator,Grasshopper/SAM.Analytical.Grasshopper.SolarCalculator/Component/SAMAnalyticalShadingPotentialField.cs,7f3c9a10-5b28-4e63-9a41-6c0d2e7b1104,component,GH_Exposure.secondary,False,SAM_SolarCalculator,Resources,solar,analyse,True,,SAM-BIM ext v1,SAM,override,,solar_plural_analyse,SAM_GH_SolarPluralAnalyse,svg/solar_plural_analyse.svg,integrated
SAMAnalyticalApertureIrradiance,SAMAnalytical.ApertureIrradiance,SAMAnalytical.ApertureIrradiance,SAM,Solar,SAM.Analytical.Grasshopper.SolarCalculator,Grasshopper/SAM.Analytical.Grasshopper.SolarCalculator,Grasshopper/SAM.Analytical.Grasshopper.SolarCalculator/Component/SAMAnalyticalApertureIrradiance.cs,7f3c9a10-5b28-4e63-9a41-6c0d2e7b1103,component,GH_Exposure.primary,False,SAM_SolarCalculator,Resources,solar,calculate,False,,SAM-BIM ext v1,SAM,override,,solar_calculate,SAM_GH_SolarCalculate,svg/solar_calculate.svg,integrated
SAMGeometrySunExposure,SAMGeometry.SunExposure,SAMGeometry.SunExposure,SAM,Solar,SAM.Analytical.Grasshopper.SolarCalculator,Grasshopper/SAM.Analytical.Grasshopper.SolarCalculator,Grasshopper/SAM.Analytical.Grasshopper.SolarCalculator/Component/SAMAnalyticalSunExposure.cs,c3326128-e4f4-4a3d-b8c1-0935f5647ea7,component,GH_Exposure.primary,False,SAM_SolarCalculator,Resources,solar,get,False,,SAM-BIM ext v1,SAM,override,,solar_get,SAM_GH_SolarGet,svg/solar_get.svg,integrated
SAMAnalyticalSolarSimulation,SAMAnalytical.SolarSimulation,SAMAnalytical.SolarSimulation,SAM,Solar,SAM.Analytical.Grasshopper.SolarCalculator,Grasshopper/SAM.Analytical.Grasshopper.SolarCalculator,Grasshopper/SAM.Analytical.Grasshopper.SolarCalculator/Component/SAMAnalyticalSolarSimulation.cs,10cb35d6-1dcb-4b7a-8069-a54dcadd17f8,component,GH_Exposure.primary,False,SAM_SolarCalculator,Resources,solar,run,False,,SAM-BIM ext v1,SAM-BIM ext v1,override,,solar_run,SAM_GH_SolarRun,svg/solar_run.svg,integrated
SAMAnalyticalSunDirectionByHourOfYear,SAMAnalytical.SunDirectionByHourOfYear,SAMAnalytical.SunDirectionByHourOfYear,SAM,Solar,SAM.Analytical.Grasshopper.SolarCalculator,Grasshopper/SAM.Analytical.Grasshopper.SolarCalculator,Grasshopper/SAM.Analytical.Grasshopper.SolarCalculator/Component/SAMAnalyticalSunDirectionByHourOfYear.cs,0f49866b-0f29-4ade-b1b7-91ea916b537e,component,GH_Exposure.primary,False,SAM_SolarCalculator,Resources,sunPath,get,False,,SAM-BIM ext v1,SAM,override,,sunPath_get,SAM_GH_SunPathGet,svg/sunPath_get.svg,integrated
SAMAnalyticalSunDirectionByTime,SAMAnalytical.SunDirectionByTime,SAMAnalytical.SunDirectionByTime,SAM,Solar,SAM.Analytical.Grasshopper.SolarCalculator,Grasshopper/SAM.Analytical.Grasshopper.SolarCalculator,Grasshopper/SAM.Analytical.Grasshopper.SolarCalculator/Component/SAMAnalyticalSunDirectionByTime.cs,f24a820a-a844-4b2a-a581-091e220dad17,component,GH_Exposure.primary,False,SAM_SolarCalculator,Resources,sunPath,get,False,,SAM-BIM ext v1,SAM,override,,sunPath_get,SAM_GH_SunPathGet,svg/sunPath_get.svg,integrated
SAMGeometryShadingBySunDirection,SAMGeometry.ShadingBySunDirection,SAMGeometry.ShadingBySunDirection,SAM,Solar,SAM.Geometry.Grasshopper.SolarCalculator,Grasshopper/SAM.Geometry.Grasshopper.SolarCalculator,Grasshopper/SAM.Geometry.Grasshopper.SolarCalculator/Component/SAMGeometryShadingBySunDirection.cs,46f6432c-78a3-49d2-ad5f-8162ee5374ff,component,GH_Exposure.primary,False,SAM_SolarCalculator,Resources,shade,get,True,,SAM,SAM,override,,shade_plural_get,SAM_GH_ShadePluralGet,svg/shade_plural_get.svg,integrated
SAMGeometrySunAnalysisBySunDirection,SAMGeometry.SunAnalysisBySunDirection,SAMGeometry.SunAnalysisBySunDirection,SAM,Solar,SAM.Geometry.Grasshopper.SolarCalculator,Grasshopper/SAM.Geometry.Grasshopper.SolarCalculator,Grasshopper/SAM.Geometry.Grasshopper.SolarCalculator/Component/SAMGeometrySunAnalysisBySunDirection.cs,cb478aba-aa27-48bf-b7a0-ff41114c8e10,component,GH_Exposure.primary,False,SAM_SolarCalculator,Resources,solar,calculate,True,,SAM-BIM ext v1,SAM,override,,solar_plural_calculate,SAM_GH_SolarPluralCalculate,svg/solar_plural_calculate.svg,integrated
